first_name,last_name,job_title,department,email,address,phone_number,salary,password
Alexis,Padilla,Financial trader,Special educational needs teacher,dunnangela@example.com,Jaclynfort,001-421-701-2713x831,98911,ydqOXbAZob
Joshua,Rosales,Statistician,"Designer, television/film set",victoriaholmes@example.org,North Cheryl,275-683-9626,107665,MFLqdCGeAp
Michael,Cruz,"Engineer, maintenance (IT)",Production engineer,burgessalyssa@example.org,New Josephland,996-776-2580x93659,38075,otMcH1OHoM
Cole,Jordan,Contractor,Early years teacher,franciscojuarez@example.com,Estradamouth,854-269-7409x5308,92101,hb0GWHEetP
Emily,Parker,Theatre manager,Civil Service administrator,jessicamorris@example.com,New Jacobstad,(287)495-7421,96956,91MkepPbL1
Kenneth,Holland,"Conservation officer, nature",Careers information officer,jeffreybarrera@example.net,New Douglas,001-886-539-5204,104343,H8iCfOqa1w
Karen,Garner,Research scientist (physical sciences),Emergency planning/management officer,zreynolds@example.com,West Casey,001-952-884-2265,80220,2P97b23VZt
Kim,Williams,"Psychologist, clinical",Electronics engineer,scottturner@example.com,Barbaratown,913.283.1367,56019,QJw6gJ1SUo
Joseph,Graves,"Designer, multimedia",Music tutor,cperkins@example.org,Jeffreystad,+1-905-768-7176x9040,72474,Zz8GeqOGEw
Patricia,Maldonado,Contracting civil engineer,Airline pilot,joe83@example.net,Cervantestown,+1-627-494-9440x56026,91839,bBd3ZQ3dXK
Yesenia,Ingram,Metallurgist,Public librarian,wendy90@example.com,Davisport,248-872-2029x69847,68265,urvOmGyaxj
Elizabeth,Moore,IT consultant,"Journalist, magazine",jreyes@example.com,West Melanieborough,001-894-332-6103x9367,113393,85iLbMcq9n
Gina,Jordan,Building services engineer,"Teacher, primary school",morgan02@example.org,Burnsberg,337-205-4792x6055,45566,KiMzcpIFHW
Craig,Hawkins,"Scientist, research (physical sciences)",Editorial assistant,ewilliams@example.com,Ronaldstad,370.429.1684x1757,58019,sGDZyHjQyj
Leah,Peterson,Technical brewer,Newspaper journalist,coxdominique@example.net,Christophermouth,354-398-7649x3081,48893,F4YLfO4Fh7
Nicholas,Robertson,"Teacher, adult education","Scientist, audiological",kathrynburns@example.net,South Michael,5205816417,81066,6x7Y8GqVxa
Ashley,Nguyen,Professor Emeritus,Research scientist (life sciences),keithcarter@example.com,Lake Daniel,8055586150,57564,aODAkKb344
Nathan,Ruiz,Secretary/administrator,Clothing/textile technologist,hoganpatricia@example.org,West Shelly,6653775016,71784,rzRekLMfjy
Troy,Garcia,Actor,Aid worker,georgerodriguez@example.com,Stevenland,+1-365-851-5112x276,119178,UaJINq6s9w
Austin,Kim,Chief Executive Officer,"Doctor, general practice",garciakathy@example.com,Lake Meaganshire,+1-755-443-0737x21645,49022,oBNL3IpSub
Kara,Walker,Civil Service fast streamer,"Engineer, aeronautical",richardneal@example.net,Phamtown,819-402-1761,42954,emC45hwWHe
Kathryn,Lang,"Therapist, horticultural","Designer, fashion/clothing",jacobsonjaime@example.com,North Jamesburgh,686.434.6692x0881,37168,sgCe9s1inS
Eric,Perez,Sports development officer,"Therapist, nutritional",jonathan80@example.com,New Jamie,315.630.1710x6456,117047,W8Ol8EKN2W
Samantha,Reed,Civil Service fast streamer,"Teacher, adult education",iford@example.com,Moorefurt,(426)292-4272,76666,NCV7cqF7cG
Mitchell,Pittman,Counsellor,"Pharmacist, community",phillipsangela@example.org,New Harold,(266)312-2495,75994,q4yPyieArf
Cynthia,Perez,Fitness centre manager,"Development worker, international aid",stonewilliam@example.com,Haydenchester,+1-562-840-8906x1161,85679,UtAqN544qV
Robin,Smith,"Conservation officer, nature",Farm manager,andreadeleon@example.com,East Douglas,761-878-2512,49984,aH6At5yc9Q
Shannon,Coleman,Fisheries officer,Computer games developer,mcintoshandrea@example.net,New James,459-434-9885x914,101931,EdVA5yipWE
Molly,Pope,"Engineer, land",Field seismologist,jessica67@example.net,Port Christopher,8045615048,66978,WDiMPfK6W3
Anthony,Porter,Tax inspector,Nature conservation officer,vcooper@example.net,Port Patricia,001-602-467-9394x844,103297,S79xhNxJuU
Donna,Miller,General practice doctor,Secondary school teacher,adrianawest@example.org,Port Patrickmouth,514-471-2552,87304,2z8ipEgdZ2
Jody,Watts,Archivist,Operations geologist,michaelarnold@example.net,Brownside,(374)246-6308,61515,ADPcbni43O
Jeffrey,Wallace,Clinical psychologist,Museum/gallery conservator,michael20@example.net,Lake Charlestown,(659)670-4198,99924,eVpzxK3PYP
James,Williams,"Surveyor, building control",Ceramics designer,michaelortiz@example.net,Boyerfort,612.686.2936x16841,36705,VTaJGwsvAT
Susan,Boyer,Clinical biochemist,Media planner,angelamcintosh@example.com,Matthewville,(691)928-7389x268,33128,iTENoAiCDc
Alexander,Martinez,"Designer, multimedia",Architect,hvelez@example.net,West Margaretville,(487)673-5433x323,113790,a1YS4dXoQq
Russell,Sanchez,Fitness centre manager,Human resources officer,james66@example.org,Kimberlyfort,001-705-416-9523,63651,oTj9nTfVda
Austin,Patterson,"Therapist, nutritional",Mechanical engineer,brian13@example.net,Keithside,261.824.3893,105779,sb6G7r0wH5
Michael,Wilson,Child psychotherapist,Immunologist,cmartinez@example.net,New Amandashire,+1-720-894-4272x53228,60367,uragR37WR1
Sean,Hogan,Sales executive,Corporate treasurer,bfields@example.org,Heathermouth,001-361-531-1125,88628,jlCa99hDtf
Teresa,Martinez,Field trials officer,Clinical biochemist,john03@example.org,Johnsonville,+1-264-534-5505,101263,CcR9CiNahQ
Valerie,Carter,Podiatrist,Operations geologist,sarah80@example.net,Robertborough,(893)773-2154x49139,119840,QriGPCJD82
Diana,Hoover,English as a foreign language teacher,Neurosurgeon,bakertina@example.net,Port Samanthabury,+1-703-884-4224,94054,P40IjWBLDW
Melody,Huber,Sports coach,Tax inspector,heatherwhitney@example.com,Watersshire,(204)780-9815x060,49443,jijyPEnQWN
Sheila,Murray,"Psychologist, sport and exercise","Teacher, special educational needs",christina06@example.net,North Jefferyshire,650-689-2055,42976,LLW8XvmhNP
William,Cruz,Manufacturing engineer,"Engineer, manufacturing",karenlewis@example.net,East Jamesborough,(601)449-8891,50140,FzlSOBDoem
Heidi,Garrison,Transport planner,Commercial art gallery manager,clinejohn@example.com,Hardinburgh,6619013188,77273,NykfamWxaO
Sarah,Simon,Financial planner,"Engineer, civil (contracting)",vjohnson@example.com,New Dennisport,4162228912,37089,2lDyvKCw4v
Jeffrey,Andrews,Speech and language therapist,"Engineer, control and instrumentation",shannon98@example.net,Jenniferborough,606-455-4460,30513,KbZilCf9r0
Latasha,Hamilton,Contractor,"Engineer, technical sales",castillovalerie@example.com,South Jorge,+1-869-489-5717x0628,113387,4Mm5of4z5Y
Michelle,Rivera,Farm manager,"Engineer, energy",elizabeth58@example.com,New Johnberg,795.795.7643,90748,TVvuKgQhvD
Larry,Brown,Fisheries officer,Civil Service administrator,susanjones@example.net,North James,890.255.1942x5488,114921,N66fHNYmNn
Ian,Wilson,Psychiatric nurse,Passenger transport manager,stephenslaurie@example.net,East Andrea,(228)256-1889x08339,72190,2Gl0074MJ9
Robert,Sanchez,"Designer, industrial/product",Economist,jerry32@example.net,East Tiffanymouth,997-666-5408x87157,91848,Zj1BFLu8g8
Ian,Salazar,Air traffic controller,"Programmer, applications",stevensonanthony@example.net,Gibsonbury,(966)783-4129x21580,107634,pE5wffjzkl
Kevin,Smith,Software engineer,Mental health nurse,fredvega@example.com,Sarahfurt,(942)695-2195x857,34572,Hx4NRSJ6V4
Elizabeth,Koch,Financial controller,Editorial assistant,jarnold@example.com,New Matthewbury,495-988-6023x7694,85742,c6k7YYGxRT
Katherine,Hill,Claims inspector/assessor,Outdoor activities/education manager,mary24@example.org,Lake Ashley,9108023134,53777,Vg5xspvMex
Michael,Atkinson,Artist,"Engineer, energy",daleestes@example.com,Lake Elizabeth,5703741104,75812,RRnWm1HrkE
Michele,Allen,Dispensing optician,Agricultural engineer,thomaslove@example.org,Oliverville,+1-652-264-1624x51711,108777,05uS7aLyWJ
Derrick,Leonard,Public affairs consultant,Biomedical scientist,sweeneythomas@example.com,Bentontown,(893)237-6603x80826,39481,bgGW2sDQLa
Allison,Smith,Local government officer,"Loss adjuster, chartered",mwelch@example.org,Drakestad,418-594-3473,39985,Lc4YgsMQN8
Ronald,Bryant,Clinical psychologist,Archaeologist,velasquezcameron@example.org,Stephaniefurt,505.572.0608x2583,44065,zfzK8vOLrf
Michelle,Hughes,Commercial art gallery manager,Rural practice surveyor,xperez@example.org,Brookstown,001-499-553-2618x270,51507,TrktKfIHtg
Phillip,Thompson,Hydrographic surveyor,"Teacher, primary school",imcdaniel@example.org,Lake Robertview,+1-476-223-8792x49771,37779,9z45nL0c1g
Julie,Novak,Immunologist,Chief Marketing Officer,jperry@example.org,Lake Jessica,910.421.5178,90111,r2crfG7SF4
Amanda,Garcia,Musician,Telecommunications researcher,kmcgrath@example.org,Jacksonmouth,401-609-4778x074,68642,L0R2RmtAcl
Jack,Martin,"Scientist, clinical (histocompatibility and immunogenetics)",Further education lecturer,ihubbard@example.net,New Deanna,593.863.0746x2354,70417,lRiaWxUKRQ
Andrew,Fischer,Facilities manager,Musician,millerjason@example.org,Heatherbury,001-529-838-8895x67890,81779,1t8gesNQsT
Carla,Figueroa,Museum/gallery conservator,Forensic psychologist,juan32@example.com,Weaverburgh,(375)887-9441x700,106915,STbub9w8tP
David,Brooks,Chartered public finance accountant,Chartered public finance accountant,evanspaula@example.org,Lake Patriciashire,226-466-6751,114177,FYJbJHsUI4
Joseph,Santiago,"Nurse, children's","Sales professional, IT",tara71@example.org,Harveyport,823.348.1376x9752,35536,B1QkymqI2r
Sheila,Singleton,Geoscientist,Freight forwarder,wardtroy@example.com,Smithfort,+1-224-737-4177x7727,81701,Ipy1BVVE1g
Jessica,Williams,Copy,Advertising account executive,xjohnston@example.org,North Karenhaven,887.876.9164x6022,65809,jlDZR5QOYs
Lisa,Taylor,Plant breeder/geneticist,Futures trader,vholland@example.net,South Joshua,001-730-432-8591x75251,67408,2KYRGv44II
Kevin,Garcia,Community development worker,Communications engineer,bfloyd@example.com,Lewisshire,(235)507-2353,44373,AAAT0om3Gd
Mark,Smith,Biomedical engineer,"Journalist, broadcasting",barrettnancy@example.net,East Breanna,(708)788-1798,83127,bw0273Q2wO
Anthony,Duncan,Bookseller,Radiation protection practitioner,smithshawn@example.com,New Markstad,+1-228-250-6278x6813,34827,M0uRGRrlRy
Pamela,Lopez,Management consultant,IT sales professional,trevinomichael@example.com,Floresshire,339-286-0078,33510,5yMstPl2NV
Jennifer,Mahoney,"Producer, television/film/video",Medical laboratory scientific officer,tsmall@example.net,Hallmouth,359-904-8175,116418,UnXJOwx0VC
Sara,Flores,Community arts worker,"Scientist, research (medical)",katielong@example.org,Dustinberg,543-916-9294x59666,96623,IBzEuO3qAT
Justin,Mitchell,Oceanographer,"Solicitor, Scotland",dhall@example.org,Cooperville,329-863-8646x9446,93481,13kRQKd529
Michael,Gordon,Marine scientist,Medical laboratory scientific officer,foxcharles@example.com,Vargasmouth,950-973-4249x67122,70498,FQ1zszUO3Z
Brian,Terry,Advertising copywriter,Glass blower/designer,christopherrich@example.com,West Sarah,(647)356-3919x67044,37860,UGJXlfdvfY
John,Benson,Systems analyst,"Scientist, audiological",dfaulkner@example.net,Courtneyberg,001-684-686-9114,36357,YrIM32Nj5l
Michael,Jackson,Interior and spatial designer,Training and development officer,jpierce@example.com,Port Tina,001-588-420-3839,48520,TRmLwDEoJd
Paula,Reilly,Hospital pharmacist,Higher education lecturer,justin74@example.com,Robertsborough,(584)521-4582,74959,mrw3K9eQzJ
Christina,May,Facilities manager,Marketing executive,williamhall@example.org,Watersview,3283123600,38085,iQmduLhqIE
Christopher,Reyes,"Production assistant, television","Engineer, maintenance (IT)",carlos41@example.com,Masseyborough,001-701-951-3197x0583,62449,4BmnP9qJK0
Paul,Fischer,Armed forces training and education officer,Hydrogeologist,pughjohn@example.org,West Bryanfurt,5484920137,60078,0sb49NELAD
Katelyn,Myers,"Engineer, aeronautical",Naval architect,jgilmore@example.net,Garciastad,001-915-435-0164x9459,88138,URcOsRRpCe
Albert,Reed,Corporate treasurer,Herbalist,phamamy@example.net,Jefferyshire,736.497.0791,88446,PHbMunhBf1
Ryan,Lopez,Civil Service administrator,"Production assistant, television",matthew69@example.org,North Stephanie,879-355-3895,106890,7hywQsXNSe
Jessica,Johnson,Software engineer,Lawyer,kylehall@example.com,Lake Jessica,430-355-9519x5594,52379,RiM0N5yYHR
Sherry,Graham,Counsellor,Microbiologist,fuentesgregory@example.net,Josephborough,7119584754,54839,HzrXvKAdNv
James,Brown,Claims inspector/assessor,Barrister's clerk,jeffbeasley@example.com,East Cheryl,272.406.5014,88437,yLCFW4dS9G
Brandon,Johnson,Administrator,Science writer,stevengraves@example.com,North Kristina,702.943.3620,116127,SKrmyN7TCl
Timothy,Bennett,Chief Operating Officer,Health promotion specialist,vsantiago@example.com,Pughshire,6202456189,90255,4W7ivefMqR
Michael,White,Nutritional therapist,Archaeologist,msanchez@example.org,North Jessica,792-279-8997,74251,x5lhm9lKKH
Tina,King,Sport and exercise psychologist,"Biochemist, clinical",melendezjohn@example.net,Millschester,464-755-2821,93445,9fPm8aegyU
